timestamp,src_mac,packet_rate,byte_rate,arp_rate,tcp_rate,udp_rate,icmp_rate,arp_reply_ratio,tcp_syn_ack_ratio,ip_mac_changes,unique_dst_ips,unique_dst_ports,avg_packet_size,std_packet_size,avg_inter_arrival_time,label
2025-11-12 18:42:10,00:00:00:00:00:01,0.1,7.0,0.0,0.0,0.0,0.0,0,0,0,0,0,70.0,0.0,0,0
2025-11-12 18:42:10,00:00:00:00:00:03,0.1,7.0,0.0,0.0,0.0,0.0,0,0,0,0,0,70.0,0.0,0,0
2025-11-12 18:42:24,00:00:00:00:00:02,0.1,7.0,0.0,0.0,0.0,0.0,0,0,0,0,0,70.0,0.0,0,0
2025-11-12 18:42:24,5e:e8:91:f8:bc:72,0.1,7.0,0.0,0.0,0.0,0.0,0,0,0,0,0,70.0,0.0,0,0
2025-11-12 18:42:40,5e:e8:91:f8:bc:72,0.1,10.7,0.0,0.0,0.0,0.0,0,0,0,0,0,107.0,0.0,0,0
2025-11-12 18:42:40,00:00:00:00:00:01,0.7,58.3,0.1,0.5,0.0,0.0,0.0,5.0,0,1,1,83.29,48.19,0.0251,0
2025-11-12 18:42:40,00:00:00:00:00:02,0.6,42.8,0.1,0.5,0.0,0.0,1.0,5.0,0,1,1,71.33,11.76,0.004686,0
2025-11-12 18:42:54,00:00:00:00:00:03,0.1,7.0,0.0,0.0,0.0,0.0,0,0,0,0,0,70.0,0.0,0,0
2025-11-12 18:42:54,00:00:00:00:00:01,0.5,47.1,0.0,0.5,0.0,0.0,0,5.0,0,1,1,94.2,52.49,0.003664,0
2025-11-12 18:42:54,00:00:00:00:00:02,0.6,43.4,0.0,0.6,0.0,0.0,0,6.0,0,1,1,72.33,10.98,0.001859,0
2025-11-12 18:43:13,00:00:00:00:00:01,0.5,47.1,0.0,0.5,0.0,0.0,0,5.0,0,1,1,94.2,52.49,0.001868,0
2025-11-12 18:43:13,00:00:00:00:00:02,0.5,36.8,0.0,0.5,0.0,0.0,0,5.0,0,1,1,73.6,11.62,0.001426,0
2025-11-12 18:43:29,00:00:00:00:00:01,0.5,47.1,0.0,0.5,0.0,0.0,0,5.0,0,1,1,94.2,52.49,0.00505,0
2025-11-12 18:43:29,00:00:00:00:00:02,0.5,36.8,0.0,0.5,0.0,0.0,0,5.0,0,1,1,73.6,11.62,0.003691,0
2025-11-12 18:43:44,00:00:00:00:00:01,0.6,53.7,0.0,0.6,0.0,0.0,0,6.0,0,1,1,89.5,49.06,0.004749,0
2025-11-12 18:43:44,00:00:00:00:00:02,0.5,36.8,0.0,0.5,0.0,0.0,0,5.0,0,1,1,73.6,11.62,0.003137,0
2025-11-12 18:44:02,00:00:00:00:00:01,1.1,100.7,0.0,1.1,0.0,0.0,0,5.5,0,1,1,91.55,50.51,0.900267,0
2025-11-12 18:44:02,00:00:00:00:00:02,1.0,73.6,0.0,1.0,0.0,0.0,0,5.0,0,1,2,73.6,11.62,0.999852,0
2025-11-12 18:44:22,00:00:00:00:00:02,1.1,80.6,0.0,1.0,0.0,0.0,0,5.0,0,1,2,73.27,11.13,0.907225,0
2025-11-12 18:44:22,00:00:00:00:00:01,1.0,94.0,0.0,1.0,0.0,0.0,0,5.0,0,1,1,94.0,52.09,0.918863,0
2025-11-12 18:44:36,00:00:00:00:00:01,1.0,94.0,0.0,1.0,0.0,0.0,0,5.0,0,1,1,94.0,52.09,0.776523,0
2025-11-12 18:44:36,00:00:00:00:00:02,1.0,73.6,0.0,1.0,0.0,0.0,0,5.0,0,1,2,73.6,11.62,0.775447,0
2025-11-12 18:44:36,5e:e8:91:f8:bc:72,0.2,17.7,0.0,0.0,0.0,0.0,0,0,0,0,0,88.5,18.5,4.909561,0
2025-11-12 18:44:47,00:00:00:00:00:01,0.6,54.0,0.0,0.5,0.0,0.0,0,5.0,0,1,1,90.0,48.39,0.657653,0
2025-11-12 18:44:47,00:00:00:00:00:02,0.5,36.8,0.0,0.5,0.0,0.0,0,5.0,0,1,1,73.6,11.62,0.001143,0
2025-11-12 18:45:03,00:00:00:00:00:01,0.5,47.0,0.0,0.5,0.0,0.0,0,5.0,0,1,1,94.0,52.09,0.006082,0
2025-11-12 18:45:03,00:00:00:00:00:02,0.5,36.8,0.0,0.5,0.0,0.0,0,5.0,0,1,1,73.6,11.62,0.004195,0
2025-11-12 18:45:14,00:00:00:00:00:01,0.5,47.0,0.0,0.5,0.0,0.0,0,5.0,0,1,1,94.0,52.09,0.004154,0
2025-11-12 18:45:14,00:00:00:00:00:02,0.5,36.8,0.0,0.5,0.0,0.0,0,5.0,0,1,1,73.6,11.62,0.002594,0
2025-11-12 18:45:14,00:00:00:00:00:03,0.1,7.0,0.0,0.0,0.0,0.0,0,0,0,0,0,70.0,0.0,0,0
2025-11-12 18:45:26,00:00:00:00:00:01,1.1,100.6,0.0,1.1,0.0,0.0,0,5.5,0,1,1,91.45,50.32,0.726318,0
2025-11-12 18:45:26,00:00:00:00:00:02,1.1,80.2,0.0,1.1,0.0,0.0,0,5.5,0,1,2,72.91,11.29,0.725842,0
2025-11-12 18:45:45,00:00:00:00:00:01,0.5,47.0,0.0,0.5,0.0,0.0,0,5.0,0,1,1,94.0,52.09,0.001381,0
2025-11-12 18:45:45,00:00:00:00:00:02,0.5,36.8,0.0,0.5,0.0,0.0,0,5.0,0,1,1,73.6,11.62,0.00119,0
2025-11-12 18:45:57,00:00:00:00:00:01,0.6,53.7,0.0,0.6,0.0,0.0,0,6.0,0,1,1,89.5,49.06,0.004069,0
2025-11-12 18:45:57,00:00:00:00:00:02,0.5,36.8,0.0,0.5,0.0,0.0,0,5.0,0,1,1,73.6,11.62,0.002675,0
2025-11-12 18:46:07,00:00:00:00:00:01,0.6,53.7,0.0,0.6,0.0,0.0,0,6.0,0,1,1,89.5,49.06,0.002999,0
2025-11-12 18:46:07,00:00:00:00:00:02,0.5,36.8,0.0,0.5,0.0,0.0,0,5.0,0,1,1,73.6,11.62,0.001696,0
2025-11-12 18:46:27,00:00:00:00:00:01,1.5,141.3,0.0,1.5,0.0,0.0,0,5.0,0,1,1,94.2,52.49,0.694268,0
2025-11-12 18:46:27,00:00:00:00:00:02,1.5,110.4,0.0,1.5,0.0,0.0,0,5.0,0,1,3,73.6,11.62,0.693805,0
2025-11-12 18:46:49,00:00:00:00:00:01,1.1,100.8,0.0,1.1,0.0,0.0,0,5.5,0,1,1,91.64,50.7,0.979361,0
2025-11-12 18:46:49,00:00:00:00:00:02,1.0,73.6,0.0,1.0,0.0,0.0,0,5.0,0,1,2,73.6,11.62,1.087468,0
2025-11-12 18:47:01,00:00:00:00:00:01,0.6,53.7,0.0,0.6,0.0,0.0,0,6.0,0,1,1,89.5,49.06,0.004194,0
2025-11-12 18:47:01,00:00:00:00:00:02,0.5,36.8,0.0,0.5,0.0,0.0,0,5.0,0,1,1,73.6,11.62,0.003548,0
2025-11-12 18:47:14,00:00:00:00:00:01,0.6,52.5,0.0,0.6,0.0,0.0,0,5.0,0,1,1,87.5,50.21,0.002636,0
2025-11-12 18:47:14,00:00:00:00:00:02,0.5,36.8,0.0,0.5,0.0,0.0,0,5.0,0,1,1,73.6,11.62,0.002136,0
2025-11-12 18:47:33,00:00:00:00:00:01,1.1,100.8,0.0,1.1,0.0,0.0,0,5.5,0,1,1,91.64,50.7,0.98577,0
2025-11-12 18:47:33,00:00:00:00:00:02,1.0,73.6,0.0,1.0,0.0,0.0,0,5.0,0,1,2,73.6,11.62,1.094677,0
2025-11-12 18:47:54,00:00:00:00:00:01,1.0,94.2,0.0,1.0,0.0,0.0,0,5.0,0,1,1,94.2,52.49,0.94107,0
2025-11-12 18:47:54,00:00:00:00:00:02,1.0,73.6,0.0,1.0,0.0,0.0,0,5.0,0,1,2,73.6,11.62,0.941032,0
2025-11-12 18:48:25,00:00:00:00:00:01,0.6,53.7,0.0,0.6,0.0,0.0,0,6.0,0,1,1,89.5,49.06,0.002708,0
2025-11-12 18:48:25,00:00:00:00:00:02,0.6,43.8,0.0,0.5,0.0,0.0,0,5.0,0,1,1,73.0,10.69,0.288939,0
2025-11-12 18:48:42,00:00:00:00:00:01,0.7,55.5,0.2,0.5,0.0,0.0,0.5,5.0,0,1,1,79.29,50.24,0.837733,0
2025-11-12 18:48:42,00:00:00:00:00:02,0.7,45.2,0.2,0.5,0.0,0.0,0.5,5.0,0,1,1,64.57,17.33,0.836384,0
2025-11-12 18:49:01,00:00:00:00:00:01,1.1,100.8,0.0,1.1,0.0,0.0,0,5.5,0,1,1,91.64,50.7,0.8836,0
2025-11-12 18:49:01,00:00:00:00:00:02,1.0,73.6,0.0,1.0,0.0,0.0,0,5.0,0,1,2,73.6,11.62,0.981131,0
2025-11-12 18:49:01,5e:e8:91:f8:bc:72,0.1,10.7,0.0,0.0,0.0,0.0,0,0,0,0,0,107.0,0.0,0,0
2025-11-12 18:49:15,00:00:00:00:00:01,0.1,7.0,0.0,0.0,0.0,0.0,0,0,0,0,0,70.0,0.0,0,0
2025-11-12 18:49:15,5e:e8:91:f8:bc:72,0.1,7.0,0.0,0.0,0.0,0.0,0,0,0,0,0,70.0,0.0,0,0
2025-11-12 18:49:31,00:00:00:00:00:01,0.7,57.9,0.1,0.6,0.0,0.0,1.0,6.0,0,1,1,82.71,48.36,0.860435,0
2025-11-12 18:49:31,00:00:00:00:00:02,0.6,41.0,0.1,0.5,0.0,0.0,0.0,5.0,0,1,1,68.33,15.85,1.0314,0
2025-11-12 18:49:43,00:00:00:00:00:01,0.5,47.1,0.0,0.5,0.0,0.0,0,5.0,0,1,1,94.2,52.49,0.001517,0
2025-11-12 18:49:43,00:00:00:00:00:02,0.5,36.8,0.0,0.5,0.0,0.0,0,5.0,0,1,1,73.6,11.62,0.001213,0
2025-11-12 18:49:56,00:00:00:00:00:01,0.6,53.7,0.0,0.6,0.0,0.0,0,6.0,0,1,1,89.5,49.06,0.004761,0
2025-11-12 18:49:56,00:00:00:00:00:02,0.5,36.8,0.0,0.5,0.0,0.0,0,5.0,0,1,1,73.6,11.62,0.004479,0
2025-11-12 18:50:06,00:00:00:00:00:01,0.6,53.7,0.0,0.6,0.0,0.0,0,6.0,0,1,1,89.5,49.06,0.004229,0
2025-11-12 18:50:06,00:00:00:00:00:02,0.5,36.8,0.0,0.5,0.0,0.0,0,5.0,0,1,1,73.6,11.62,0.003569,0
2025-11-12 18:50:27,00:00:00:00:00:03,0.1,7.0,0.0,0.0,0.0,0.0,0,0,0,0,0,70.0,0.0,0,0
2025-11-12 18:50:27,00:00:00:00:00:01,0.5,47.1,0.0,0.5,0.0,0.0,0,5.0,0,1,1,94.2,52.49,0.004635,0
2025-11-12 18:50:27,00:00:00:00:00:02,0.5,36.8,0.0,0.5,0.0,0.0,0,5.0,0,1,1,73.6,11.62,0.003046,0
2025-11-12 18:50:41,00:00:00:00:00:01,0.6,53.7,0.0,0.6,0.0,0.0,0,6.0,0,1,1,89.5,49.06,0.002632,0
2025-11-12 18:50:41,00:00:00:00:00:02,0.5,36.8,0.0,0.5,0.0,0.0,0,5.0,0,1,1,73.6,11.62,0.001171,0
2025-11-12 18:50:51,00:00:00:00:00:01,0.5,47.1,0.0,0.5,0.0,0.0,0,5.0,0,1,1,94.2,52.49,0.004684,0
2025-11-12 18:50:51,00:00:00:00:00:02,0.5,36.8,0.0,0.5,0.0,0.0,0,5.0,0,1,1,73.6,11.62,0.002643,0
2025-11-12 18:51:03,00:00:00:00:00:01,0.5,47.1,0.0,0.5,0.0,0.0,0,5.0,0,1,1,94.2,52.49,0.001595,0
2025-11-12 18:51:03,00:00:00:00:00:02,0.5,36.8,0.0,0.5,0.0,0.0,0,5.0,0,1,1,73.6,11.62,0.001321,0
2025-11-12 18:51:14,00:00:00:00:00:01,0.5,47.1,0.0,0.5,0.0,0.0,0,5.0,0,1,1,94.2,52.49,0.004795,0
2025-11-12 18:51:14,00:00:00:00:00:02,0.5,36.8,0.0,0.5,0.0,0.0,0,5.0,0,1,1,73.6,11.62,0.002678,0
2025-11-12 18:51:27,00:00:00:00:00:01,0.6,53.8,0.0,0.6,0.0,0.0,0,6.0,0,1,1,89.67,49.43,0.003926,0
2025-11-12 18:51:27,00:00:00:00:00:02,0.5,36.8,0.0,0.5,0.0,0.0,0,5.0,0,1,1,73.6,11.62,0.002713,0
2025-11-12 18:51:40,00:00:00:00:00:01,0.6,53.8,0.0,0.6,0.0,0.0,0,6.0,0,1,1,89.67,49.43,0.003672,0
2025-11-12 18:51:40,00:00:00:00:00:02,0.5,36.8,0.0,0.5,0.0,0.0,0,5.0,0,1,1,73.6,11.62,0.003381,0
2025-11-12 18:52:01,00:00:00:00:00:01,0.5,47.1,0.0,0.5,0.0,0.0,0,5.0,0,1,1,94.2,52.49,0.004382,0
2025-11-12 18:52:01,00:00:00:00:00:02,0.5,36.8,0.0,0.5,0.0,0.0,0,5.0,0,1,1,73.6,11.62,0.00379,0
2025-11-12 18:52:21,00:00:00:00:00:01,0.6,53.7,0.0,0.6,0.0,0.0,0,6.0,0,1,1,89.5,49.06,0.003537,0
2025-11-12 18:52:21,00:00:00:00:00:02,0.5,36.8,0.0,0.5,0.0,0.0,0,5.0,0,1,1,73.6,11.62,0.001213,0
2025-11-12 18:52:41,00:00:00:00:00:01,0.7,60.3,0.0,0.7,0.0,0.0,0,7.0,0,1,1,86.14,46.16,0.003609,0
2025-11-12 18:52:41,00:00:00:00:00:02,0.6,43.4,0.0,0.6,0.0,0.0,0,6.0,0,1,1,72.33,10.98,0.002157,0
2025-11-12 18:53:07,00:00:00:00:00:01,0.6,53.7,0.0,0.6,0.0,0.0,0,6.0,0,1,1,89.5,49.06,0.004065,0
2025-11-12 18:53:07,00:00:00:00:00:02,0.5,36.8,0.0,0.5,0.0,0.0,0,5.0,0,1,1,73.6,11.62,0.002552,0
2025-11-12 18:53:23,00:00:00:00:00:01,0.6,53.7,0.0,0.6,0.0,0.0,0,6.0,0,1,1,89.5,49.06,0.004968,0
2025-11-12 18:53:23,00:00:00:00:00:02,0.5,36.8,0.0,0.5,0.0,0.0,0,5.0,0,1,1,73.6,11.62,0.004116,0
2025-11-12 18:53:42,00:00:00:00:00:01,0.5,47.1,0.0,0.5,0.0,0.0,0,5.0,0,1,1,94.2,52.49,0.004427,0
2025-11-12 18:53:42,00:00:00:00:00:02,0.5,36.8,0.0,0.5,0.0,0.0,0,5.0,0,1,1,73.6,11.62,0.002751,0
2025-11-12 18:53:55,00:00:00:00:00:01,0.5,47.2,0.0,0.5,0.0,0.0,0,5.0,0,1,1,94.4,52.89,0.003374,0
2025-11-12 18:53:55,00:00:00:00:00:02,0.5,36.8,0.0,0.5,0.0,0.0,0,5.0,0,1,1,73.6,11.62,0.002209,0
2025-11-12 18:54:19,00:00:00:00:00:01,0.5,47.2,0.0,0.5,0.0,0.0,0,5.0,0,1,1,94.4,52.89,0.002848,0
2025-11-12 18:54:19,00:00:00:00:00:02,0.5,36.8,0.0,0.5,0.0,0.0,0,5.0,0,1,1,73.6,11.62,0.001043,0
2025-11-12 18:54:32,00:00:00:00:00:01,0.5,47.3,0.0,0.5,0.0,0.0,0,5.0,0,1,1,94.6,53.29,0.003434,0
2025-11-12 18:54:32,00:00:00:00:00:02,0.5,36.8,0.0,0.5,0.0,0.0,0,5.0,0,1,1,73.6,11.62,0.002218,0
2025-11-12 18:54:49,00:00:00:00:00:01,0.6,53.8,0.0,0.6,0.0,0.0,0,6.0,0,1,1,89.67,49.43,0.004554,0
2025-11-12 18:54:49,00:00:00:00:00:02,0.5,36.8,0.0,0.5,0.0,0.0,0,5.0,0,1,1,73.6,11.62,0.002577,0
2025-11-12 18:55:07,00:00:00:00:00:01,0.6,53.9,0.0,0.6,0.0,0.0,0,6.0,0,1,1,89.83,49.8,0.00504,0
2025-11-12 18:55:07,00:00:00:00:00:02,0.5,36.8,0.0,0.5,0.0,0.0,0,5.0,0,1,1,73.6,11.62,0.00404,0
2025-11-12 18:55:20,00:00:00:00:00:01,0.6,54.0,0.0,0.6,0.0,0.0,0,6.0,0,1,1,90.0,50.17,0.002786,0
2025-11-12 18:55:20,00:00:00:00:00:02,0.5,36.8,0.0,0.5,0.0,0.0,0,5.0,0,1,1,73.6,11.62,0.001987,0
2025-11-12 18:55:34,00:00:00:00:00:01,0.6,53.8,0.0,0.6,0.0,0.0,0,6.0,0,1,1,89.67,49.43,0.002985,0
2025-11-12 18:55:34,00:00:00:00:00:02,0.5,36.8,0.0,0.5,0.0,0.0,0,5.0,0,1,1,73.6,11.62,0.002148,0
2025-11-12 18:55:46,00:00:00:00:00:02,0.6,43.8,0.0,0.5,0.0,0.0,0,5.0,0,1,1,73.0,10.69,0.360877,0
2025-11-12 18:55:46,00:00:00:00:00:01,0.5,47.2,0.0,0.5,0.0,0.0,0,5.0,0,1,1,94.4,52.89,0.004614,0
2025-11-12 18:55:59,00:00:00:00:00:01,0.5,47.2,0.0,0.5,0.0,0.0,0,5.0,0,1,1,94.4,52.89,0.003441,0
2025-11-12 18:55:59,00:00:00:00:00:02,0.5,36.8,0.0,0.5,0.0,0.0,0,5.0,0,1,1,73.6,11.62,0.002141,0
2025-11-12 18:56:13,00:00:00:00:00:01,0.6,53.9,0.0,0.6,0.0,0.0,0,6.0,0,1,1,89.83,49.8,0.004763,0
2025-11-12 18:56:13,00:00:00:00:00:02,0.5,36.8,0.0,0.5,0.0,0.0,0,5.0,0,1,1,73.6,11.62,0.004137,0
2025-11-12 18:56:36,00:00:00:00:00:01,0.6,52.8,0.0,0.6,0.0,0.0,0,5.0,0,1,1,88.0,51.32,0.003103,0
2025-11-12 18:56:36,00:00:00:00:00:02,0.5,36.8,0.0,0.5,0.0,0.0,0,5.0,0,1,1,73.6,11.62,0.001258,0
2025-11-12 18:56:48,00:00:00:00:00:01,0.7,62.9,0.0,0.7,0.0,0.0,0,7.0,0,1,1,89.86,45.66,0.004513,0
2025-11-12 18:56:48,00:00:00:00:00:02,0.6,43.4,0.0,0.6,0.0,0.0,0,6.0,0,1,1,72.33,10.98,0.003958,0
2025-11-12 18:57:03,00:00:00:00:00:01,0.5,47.2,0.0,0.5,0.0,0.0,0,5.0,0,1,1,94.4,52.89,0.003868,0
2025-11-12 18:57:03,00:00:00:00:00:02,0.5,36.8,0.0,0.5,0.0,0.0,0,5.0,0,1,1,73.6,11.62,0.002629,0
2025-11-12 18:57:20,00:00:00:00:00:01,0.6,53.8,0.0,0.6,0.0,0.0,0,6.0,0,1,1,89.67,49.43,0.005326,0
2025-11-12 18:57:20,00:00:00:00:00:02,0.5,36.8,0.0,0.5,0.0,0.0,0,5.0,0,1,1,73.6,11.62,0.004177,0
2025-11-12 18:57:38,5e:e8:91:f8:bc:72,0.1,10.7,0.0,0.0,0.0,0.0,0,0,0,0,0,107.0,0.0,0,0
2025-11-12 18:57:38,00:00:00:00:00:01,0.5,47.3,0.0,0.5,0.0,0.0,0,5.0,0,1,1,94.6,53.29,0.004301,0
2025-11-12 18:57:38,00:00:00:00:00:02,0.5,36.8,0.0,0.5,0.0,0.0,0,5.0,0,1,1,73.6,11.62,0.002791,0
2025-11-12 18:57:55,00:00:00:00:00:01,1.2,107.7,0.0,1.1,0.0,0.0,0,5.5,0,1,1,89.75,48.72,0.651833,0
2025-11-12 18:57:55,00:00:00:00:00:02,1.0,73.6,0.0,1.0,0.0,0.0,0,5.0,0,1,2,73.6,11.62,0.4368,0
2025-11-12 18:58:11,00:00:00:00:00:01,0.6,53.6,0.0,0.6,0.0,0.0,0,6.0,0,1,1,89.33,48.68,0.003354,0
2025-11-12 18:58:11,00:00:00:00:00:02,0.5,36.8,0.0,0.5,0.0,0.0,0,5.0,0,1,1,73.6,11.62,0.002056,0
2025-11-12 18:58:11,5e:e8:91:f8:bc:72,0.1,7.0,0.0,0.0,0.0,0.0,0,0,0,0,0,70.0,0.0,0,0
2025-11-12 18:58:26,00:00:00:00:00:01,0.5,47.2,0.0,0.5,0.0,0.0,0,5.0,0,1,1,94.4,52.89,0.003691,0
2025-11-12 18:58:26,00:00:00:00:00:02,0.6,43.4,0.0,0.6,0.0,0.0,0,6.0,0,1,1,72.33,10.98,0.001617,0
2025-11-12 18:58:48,00:00:00:00:00:01,0.6,53.7,0.0,0.6,0.0,0.0,0,6.0,0,1,1,89.5,49.06,0.003137,0
2025-11-12 18:58:48,00:00:00:00:00:02,0.5,36.8,0.0,0.5,0.0,0.0,0,5.0,0,1,1,73.6,11.62,0.00262,0
2025-11-12 18:59:04,00:00:00:00:00:01,0.6,53.8,0.0,0.6,0.0,0.0,0,6.0,0,1,1,89.67,49.43,0.004166,0
2025-11-12 18:59:04,00:00:00:00:00:02,0.5,36.8,0.0,0.5,0.0,0.0,0,5.0,0,1,1,73.6,11.62,0.004017,0
2025-11-12 18:59:16,00:00:00:00:00:01,0.5,47.2,0.0,0.5,0.0,0.0,0,5.0,0,1,1,94.4,52.89,0.004038,0
2025-11-12 18:59:16,00:00:00:00:00:02,0.5,36.8,0.0,0.5,0.0,0.0,0,5.0,0,1,1,73.6,11.62,0.002589,0
2025-11-12 18:59:28,00:00:00:00:00:01,0.5,47.2,0.0,0.5,0.0,0.0,0,5.0,0,1,1,94.4,52.89,0.003825,0
2025-11-12 18:59:28,00:00:00:00:00:02,0.5,36.8,0.0,0.5,0.0,0.0,0,5.0,0,1,1,73.6,11.62,0.003239,0
2025-11-12 18:59:28,00:00:00:00:00:03,0.1,7.0,0.0,0.0,0.0,0.0,0,0,0,0,0,70.0,0.0,0,0
2025-11-12 18:59:51,00:00:00:00:00:01,0.6,52.5,0.0,0.6,0.0,0.0,0,5.0,0,1,1,87.5,50.21,0.003397,0
2025-11-12 18:59:51,00:00:00:00:00:02,0.5,36.8,0.0,0.5,0.0,0.0,0,5.0,0,1,1,73.6,11.62,0.001685,0
2025-11-12 19:00:04,00:00:00:00:00:01,0.6,54.0,0.0,0.6,0.0,0.0,0,6.0,0,1,1,90.0,50.17,0.003791,0
2025-11-12 19:00:04,00:00:00:00:00:02,0.5,36.8,0.0,0.5,0.0,0.0,0,5.0,0,1,1,73.6,11.62,0.003109,0
2025-11-12 19:00:28,00:00:00:00:00:01,0.5,47.4,0.0,0.5,0.0,0.0,0,5.0,0,1,1,94.8,53.69,0.004646,0
2025-11-12 19:00:28,00:00:00:00:00:02,0.5,36.8,0.0,0.5,0.0,0.0,0,5.0,0,1,1,73.6,11.62,0.003475,0
2025-11-12 19:00:39,00:00:00:00:00:01,0.6,53.8,0.0,0.6,0.0,0.0,0,6.0,0,1,1,89.67,49.43,0.004438,0
2025-11-12 19:00:39,00:00:00:00:00:02,0.5,36.8,0.0,0.5,0.0,0.0,0,5.0,0,1,1,73.6,11.62,0.004179,0
2025-11-12 19:00:57,00:00:00:00:00:01,0.5,47.4,0.0,0.5,0.0,0.0,0,5.0,0,1,1,94.8,53.69,0.179497,0
2025-11-12 19:00:57,00:00:00:00:00:02,0.6,43.4,0.0,0.6,0.0,0.0,0,6.0,0,1,1,72.33,10.98,0.141393,0
2025-11-12 19:01:08,00:00:00:00:00:01,0.5,47.3,0.0,0.5,0.0,0.0,0,5.0,0,1,1,94.6,53.29,0.004173,0
2025-11-12 19:01:08,00:00:00:00:00:02,0.5,36.8,0.0,0.5,0.0,0.0,0,5.0,0,1,1,73.6,11.62,0.003005,0
2025-11-12 19:01:22,00:00:00:00:00:01,0.6,53.8,0.0,0.6,0.0,0.0,0,6.0,0,1,1,89.67,49.43,0.003162,0
2025-11-12 19:01:22,00:00:00:00:00:02,0.5,36.8,0.0,0.5,0.0,0.0,0,5.0,0,1,1,73.6,11.62,0.002284,0
2025-11-12 19:01:40,00:00:00:00:00:01,0.5,47.2,0.0,0.5,0.0,0.0,0,5.0,0,1,1,94.4,52.89,0.003975,0
2025-11-12 19:01:40,00:00:00:00:00:02,0.5,36.8,0.0,0.5,0.0,0.0,0,5.0,0,1,1,73.6,11.62,0.002413,0
2025-11-12 19:01:53,00:00:00:00:00:01,0.5,47.3,0.0,0.5,0.0,0.0,0,5.0,0,1,1,94.6,53.29,0.003986,0
2025-11-12 19:01:53,00:00:00:00:00:02,0.5,36.8,0.0,0.5,0.0,0.0,0,5.0,0,1,1,73.6,11.62,0.002552,0
2025-11-12 19:02:12,00:00:00:00:00:01,0.5,47.3,0.0,0.5,0.0,0.0,0,5.0,0,1,1,94.6,53.29,0.003387,0
2025-11-12 19:02:12,00:00:00:00:00:02,0.5,36.8,0.0,0.5,0.0,0.0,0,5.0,0,1,1,73.6,11.62,0.001423,0
2025-11-12 19:02:26,00:00:00:00:00:01,0.6,54.0,0.0,0.6,0.0,0.0,0,6.0,0,1,1,90.0,50.17,0.002901,0
2025-11-12 19:02:26,00:00:00:00:00:02,0.5,36.8,0.0,0.5,0.0,0.0,0,5.0,0,1,1,73.6,11.62,0.002555,0
2025-11-12 19:02:42,00:00:00:00:00:01,0.5,47.4,0.0,0.5,0.0,0.0,0,5.0,0,1,1,94.8,53.69,0.005342,0
2025-11-12 19:02:42,00:00:00:00:00:02,0.5,36.8,0.0,0.5,0.0,0.0,0,5.0,0,1,1,73.6,11.62,0.003921,0
2025-11-12 19:02:52,00:00:00:00:00:01,0.6,53.9,0.0,0.6,0.0,0.0,0,6.0,0,1,1,89.83,49.8,0.003144,0
2025-11-12 19:02:52,00:00:00:00:00:02,0.5,36.8,0.0,0.5,0.0,0.0,0,5.0,0,1,1,73.6,11.62,0.002283,0
2025-11-12 19:03:03,00:00:00:00:00:01,0.5,47.4,0.0,0.5,0.0,0.0,0,5.0,0,1,1,94.8,53.69,0.00435,0
2025-11-12 19:03:03,00:00:00:00:00:02,0.5,36.8,0.0,0.5,0.0,0.0,0,5.0,0,1,1,73.6,11.62,0.003228,0
2025-11-12 19:03:19,00:00:00:00:00:01,1.6,148.1,0.0,1.6,0.0,0.0,0,5.3333,0,1,1,92.56,51.54,0.227227,0
2025-11-12 19:03:19,00:00:00:00:00:02,1.5,110.4,0.0,1.5,0.0,0.0,0,5.0,0,1,3,73.6,11.62,0.243052,0
2025-11-12 19:03:40,00:00:00:00:00:01,0.5,47.3,0.0,0.5,0.0,0.0,0,5.0,0,1,1,94.6,53.29,0.005536,0
2025-11-12 19:03:40,00:00:00:00:00:02,0.5,36.8,0.0,0.5,0.0,0.0,0,5.0,0,1,1,73.6,11.62,0.002776,0
2025-11-12 19:03:53,00:00:00:00:00:01,0.5,47.3,0.0,0.5,0.0,0.0,0,5.0,0,1,1,94.6,53.29,0.004002,0
2025-11-12 19:03:53,00:00:00:00:00:02,0.5,36.8,0.0,0.5,0.0,0.0,0,5.0,0,1,1,73.6,11.62,0.001695,0
2025-11-12 19:04:08,00:00:00:00:00:01,0.5,47.3,0.0,0.5,0.0,0.0,0,5.0,0,1,1,94.6,53.29,0.004475,0
2025-11-12 19:04:08,00:00:00:00:00:02,0.5,36.8,0.0,0.5,0.0,0.0,0,5.0,0,1,1,73.6,11.62,0.002629,0
2025-11-12 19:04:25,00:00:00:00:00:01,0.6,53.8,0.0,0.6,0.0,0.0,0,6.0,0,1,1,89.67,49.43,0.003747,0
2025-11-12 19:04:25,00:00:00:00:00:02,0.5,36.8,0.0,0.5,0.0,0.0,0,5.0,0,1,1,73.6,11.62,0.002816,0
2025-11-12 19:04:37,00:00:00:00:00:01,0.6,53.8,0.0,0.6,0.0,0.0,0,6.0,0,1,1,89.67,49.43,0.004451,0
2025-11-12 19:04:37,00:00:00:00:00:02,0.5,36.8,0.0,0.5,0.0,0.0,0,5.0,0,1,1,73.6,11.62,0.002492,0
2025-11-12 19:05:18,00:00:00:00:00:01,0.5,47.1,0.0,0.5,0.0,0.0,0,5.0,0,1,1,94.2,52.49,0.004958,0
2025-11-12 19:05:18,00:00:00:00:00:02,0.5,36.8,0.0,0.5,0.0,0.0,0,5.0,0,1,1,73.6,11.62,0.003477,0
2025-11-12 19:05:43,00:00:00:00:00:01,0.6,51.4,0.1,0.5,0.0,0.0,1.0,5.0,0,1,1,85.67,52.08,1.047355,0
2025-11-12 19:05:43,00:00:00:00:00:02,0.6,41.0,0.1,0.5,0.0,0.0,0.0,5.0,0,1,1,68.33,15.85,1.045864,0
2025-11-12 19:05:58,00:00:00:00:00:01,0.6,53.7,0.0,0.6,0.0,0.0,0,6.0,0,1,1,89.5,49.06,0.005369,0
2025-11-12 19:05:58,00:00:00:00:00:02,0.5,36.8,0.0,0.5,0.0,0.0,0,5.0,0,1,1,73.6,11.62,0.003539,0
2025-11-12 19:06:14,00:00:00:00:00:01,0.7,60.2,0.0,0.7,0.0,0.0,0,7.0,0,1,1,86.0,45.81,0.00288,0
2025-11-12 19:06:14,00:00:00:00:00:02,0.5,36.8,0.0,0.5,0.0,0.0,0,5.0,0,1,1,73.6,11.62,0.001568,0
2025-11-12 19:06:32,00:00:00:00:00:01,0.7,60.3,0.0,0.7,0.0,0.0,0,7.0,0,1,1,86.14,46.16,0.002513,0
2025-11-12 19:06:32,00:00:00:00:00:02,0.5,36.8,0.0,0.5,0.0,0.0,0,5.0,0,1,1,73.6,11.62,0.001455,0
2025-11-12 19:06:48,00:00:00:00:00:01,0.6,55.2,0.0,0.6,0.0,0.0,0,6.0,0,1,1,92.0,49.41,0.004413,0
2025-11-12 19:06:48,00:00:00:00:00:02,0.6,43.4,0.0,0.6,0.0,0.0,0,6.0,0,1,1,72.33,10.98,0.00324,0
2025-11-12 19:07:07,00:00:00:00:00:01,0.5,47.1,0.0,0.5,0.0,0.0,0,5.0,0,1,1,94.2,52.49,0.004215,0
2025-11-12 19:07:07,00:00:00:00:00:02,0.5,36.8,0.0,0.5,0.0,0.0,0,5.0,0,1,1,73.6,11.62,0.002534,0
2025-11-12 19:07:23,00:00:00:00:00:01,0.5,47.2,0.0,0.5,0.0,0.0,0,5.0,0,1,1,94.4,52.89,0.004949,0
2025-11-12 19:07:23,00:00:00:00:00:02,0.5,36.8,0.0,0.5,0.0,0.0,0,5.0,0,1,1,73.6,11.62,0.003504,0
2025-11-12 19:07:38,00:00:00:00:00:01,0.5,47.5,0.0,0.5,0.0,0.0,0,5.0,0,1,1,95.0,54.09,0.004346,0
2025-11-12 19:07:38,00:00:00:00:00:02,0.5,36.8,0.0,0.5,0.0,0.0,0,5.0,0,1,1,73.6,11.62,0.002541,0
2025-11-12 19:07:52,00:00:00:00:00:01,0.7,60.8,0.0,0.7,0.0,0.0,0,7.0,0,1,1,86.86,47.9,0.003027,0
2025-11-12 19:07:52,00:00:00:00:00:02,0.6,43.4,0.0,0.6,0.0,0.0,0,6.0,0,1,1,72.33,10.98,0.002677,0
2025-11-12 19:08:23,00:00:00:00:00:01,1.0,94.8,0.0,1.0,0.0,0.0,0,5.0,0,1,1,94.8,53.71,0.31953,0
2025-11-12 19:08:23,00:00:00:00:00:02,1.0,73.6,0.0,1.0,0.0,0.0,0,5.0,0,1,2,73.6,11.62,0.318975,0
2025-11-12 19:10:19,00:00:00:00:00:01,0.8,62.2,0.1,0.7,0.0,0.0,1.0,5.0,0,1,1,77.75,47.14,0.7166,1
2025-11-12 19:10:19,00:00:00:00:00:02,0.7,47.6,0.1,0.6,0.0,0.0,0.0,6.0,0,1,1,68.0,14.7,0.834529,1
2025-11-12 19:10:29,00:00:00:00:00:02,0.1,7.0,0.0,0.0,0.0,0.0,0,0,0,0,0,70.0,0.0,0,1
2025-11-12 19:10:29,00:00:00:00:00:03,0.4,24.0,0.4,0.0,0.0,0.0,1.0,0,0,0,0,60.0,0.0,0.713739,1
2025-11-12 19:10:39,00:00:00:00:00:03,1.6,101.2,1.1,0.5,0.0,0.0,0.8182,5.0,1,1,1,63.25,10.91,0.556296,1
2025-11-12 19:10:39,00:00:00:00:00:01,0.6,51.3,0.1,0.5,0.0,0.0,1.0,5.0,1,1,1,85.5,51.72,0.006084,1
2025-11-12 19:10:39,00:00:00:00:00:02,0.1,6.0,0.1,0.0,0.0,0.0,1.0,0,0,0,0,60.0,0.0,0,1
2025-11-12 19:10:50,00:00:00:00:00:03,0.5,21.0,0.5,0.0,0.0,0.0,1.0,0,0,0,0,42.0,0.0,2.077235,1
2025-11-12 19:11:00,00:00:00:00:00:03,1.0,58.0,0.5,0.5,0.0,0.0,1.0,5.0,1,1,1,58.0,18.24,0.924362,1
2025-11-12 19:11:00,00:00:00:00:00:01,0.6,53.8,0.0,0.6,0.0,0.0,0,6.0,1,1,1,89.67,49.43,0.00652,1
2025-11-12 19:11:10,00:00:00:00:00:03,1.0,58.0,0.5,0.5,0.0,0.0,1.0,5.0,1,1,1,58.0,18.24,0.925756,1
2025-11-12 19:11:10,00:00:00:00:00:01,0.5,47.3,0.0,0.5,0.0,0.0,0,5.0,1,1,1,94.6,53.29,0.001721,1
2025-11-12 19:11:21,00:00:00:00:00:03,1.0,58.0,0.5,0.5,0.0,0.0,1.0,5.0,1,1,1,58.0,18.24,0.926644,1
2025-11-12 19:11:21,00:00:00:00:00:01,0.5,47.2,0.0,0.5,0.0,0.0,0,5.0,1,1,1,94.4,52.89,0.002154,1
2025-11-12 19:11:31,00:00:00:00:00:03,0.9,51.4,0.5,0.4,0.0,0.0,1.0,4.0,1,1,1,57.11,19.02,1.04348,1
2025-11-12 19:11:31,00:00:00:00:00:01,0.6,53.8,0.0,0.6,0.0,0.0,0,6.0,1,1,1,89.67,49.43,0.0047,1
2025-11-12 19:11:42,00:00:00:00:00:03,0.5,21.0,0.5,0.0,0.0,0.0,1.0,0,0,0,0,42.0,0.0,2.086024,1
2025-11-12 19:11:52,00:00:00:00:00:03,0.5,21.0,0.5,0.0,0.0,0.0,1.0,0,0,0,0,42.0,0.0,2.088304,1
2025-11-12 19:12:03,00:00:00:00:00:03,1.0,58.0,0.5,0.5,0.0,0.0,1.0,5.0,1,1,1,58.0,18.24,0.927256,1
2025-11-12 19:12:03,00:00:00:00:00:01,0.5,47.1,0.0,0.5,0.0,0.0,0,5.0,1,1,1,94.2,52.49,0.008305,1
2025-11-12 19:12:13,00:00:00:00:00:03,0.5,21.0,0.5,0.0,0.0,0.0,1.0,0,0,0,0,42.0,0.0,2.098677,1
2025-11-12 19:12:24,00:00:00:00:00:03,1.0,58.0,0.5,0.5,0.0,0.0,1.0,5.0,1,1,1,58.0,18.24,1.01272,1
2025-11-12 19:12:24,00:00:00:00:00:01,0.5,47.2,0.0,0.5,0.0,0.0,0,5.0,1,1,1,94.4,52.89,0.007484,1
2025-11-12 19:12:34,00:00:00:00:00:03,0.5,21.0,0.5,0.0,0.0,0.0,1.0,0,0,0,0,42.0,0.0,2.092063,1
2025-11-12 19:12:44,00:00:00:00:00:03,0.5,21.0,0.5,0.0,0.0,0.0,1.0,0,0,0,0,42.0,0.0,2.079867,1
2025-11-12 19:12:55,00:00:00:00:00:03,0.5,21.0,0.5,0.0,0.0,0.0,1.0,0,0,0,0,42.0,0.0,2.094796,1
2025-11-12 19:13:05,00:00:00:00:00:03,1.0,58.0,0.5,0.5,0.0,0.0,1.0,5.0,1,1,1,58.0,18.24,0.922485,1
2025-11-12 19:13:05,00:00:00:00:00:01,0.6,53.8,0.0,0.6,0.0,0.0,0,6.0,1,1,1,89.67,49.43,0.003141,1
2025-11-12 19:13:16,00:00:00:00:00:03,0.5,21.0,0.5,0.0,0.0,0.0,1.0,0,0,0,0,42.0,0.0,2.095998,1
2025-11-12 19:13:26,00:00:00:00:00:03,1.0,58.0,0.5,0.5,0.0,0.0,1.0,5.0,1,1,1,58.0,18.24,0.932109,1
2025-11-12 19:13:26,00:00:00:00:00:01,0.5,47.1,0.0,0.5,0.0,0.0,0,5.0,1,1,1,94.2,52.49,0.005935,1
2025-11-12 19:13:37,00:00:00:00:00:03,0.5,21.0,0.5,0.0,0.0,0.0,1.0,0,0,0,0,42.0,0.0,2.086945,1
2025-11-12 19:13:47,00:00:00:00:00:03,1.0,58.0,0.5,0.5,0.0,0.0,1.0,5.0,1,1,1,58.0,18.24,0.93735,1
2025-11-12 19:13:47,00:00:00:00:00:01,0.5,47.0,0.0,0.5,0.0,0.0,0,5.0,1,1,1,94.0,52.09,0.006008,1
2025-11-12 19:13:57,00:00:00:00:00:03,0.5,21.0,0.5,0.0,0.0,0.0,1.0,0,0,0,0,42.0,0.0,2.077956,1
2025-11-12 19:14:08,00:00:00:00:00:03,1.0,58.0,0.5,0.5,0.0,0.0,1.0,5.0,1,1,1,58.0,18.24,0.926756,1
2025-11-12 19:14:08,00:00:00:00:00:01,0.6,53.8,0.0,0.6,0.0,0.0,0,6.0,1,1,1,89.67,49.43,0.003452,1
2025-11-12 19:14:18,00:00:00:00:00:03,0.5,21.0,0.5,0.0,0.0,0.0,1.0,0,0,0,0,42.0,0.0,2.080887,1
2025-11-12 19:14:29,00:00:00:00:00:03,0.5,21.0,0.5,0.0,0.0,0.0,1.0,0,0,0,0,42.0,0.0,2.092117,1
2025-11-12 19:14:29,5e:e8:91:f8:bc:72,0.1,10.7,0.0,0.0,0.0,0.0,0,0,0,0,0,107.0,0.0,0,1
2025-11-12 19:14:39,00:00:00:00:00:03,1.1,64.6,0.5,0.6,0.0,0.0,1.0,6.0,1,1,1,58.73,17.55,0.83722,1
2025-11-12 19:14:39,00:00:00:00:00:01,0.5,47.2,0.0,0.5,0.0,0.0,0,5.0,1,1,1,94.4,52.89,0.003408,1
2025-11-12 19:14:50,00:00:00:00:00:03,1.0,58.0,0.5,0.5,0.0,0.0,1.0,5.0,1,1,1,58.0,18.24,0.926212,1
2025-11-12 19:14:50,00:00:00:00:00:01,0.6,53.7,0.0,0.6,0.0,0.0,0,6.0,1,1,1,89.5,49.06,0.004823,1
2025-11-12 19:15:00,00:00:00:00:00:03,0.5,21.0,0.5,0.0,0.0,0.0,1.0,0,0,0,0,42.0,0.0,2.091918,1
2025-11-12 19:15:00,00:00:00:00:00:01,0.1,7.0,0.0,0.0,0.0,0.0,0,0,0,0,0,70.0,0.0,0,1
2025-11-12 19:15:10,00:00:00:00:00:03,0.5,21.0,0.5,0.0,0.0,0.0,1.0,0,0,0,0,42.0,0.0,2.075064,1
2025-11-12 19:15:21,00:00:00:00:00:03,0.5,21.0,0.5,0.0,0.0,0.0,1.0,0,0,0,0,42.0,0.0,2.084139,1
2025-11-12 19:15:31,00:00:00:00:00:03,0.5,21.0,0.5,0.0,0.0,0.0,1.0,0,0,0,0,42.0,0.0,2.093273,1
2025-11-12 19:15:42,00:00:00:00:00:03,0.5,21.0,0.5,0.0,0.0,0.0,1.0,0,0,0,0,42.0,0.0,2.090166,1
2025-11-12 19:15:52,00:00:00:00:00:03,1.0,58.0,0.5,0.5,0.0,0.0,1.0,5.0,1,1,1,58.0,18.24,0.928971,1
2025-11-12 19:15:52,00:00:00:00:00:01,0.5,47.2,0.0,0.5,0.0,0.0,0,5.0,1,1,1,94.4,52.89,0.005516,1
2025-11-12 19:16:03,00:00:00:00:00:03,0.6,25.2,0.6,0.0,0.0,0.0,0.8333,0,0,0,0,42.0,0.0,1.664107,1
2025-11-12 19:16:03,00:00:00:00:00:01,0.1,4.2,0.1,0.0,0.0,0.0,1.0,0,0,0,0,42.0,0.0,0,1
2025-11-12 19:16:13,00:00:00:00:00:03,0.5,21.0,0.5,0.0,0.0,0.0,1.0,0,0,0,0,42.0,0.0,2.091111,1
2025-11-12 19:16:24,00:00:00:00:00:03,1.1,64.6,0.5,0.6,0.0,0.0,1.0,6.0,1,1,1,58.73,17.55,0.834975,1
2025-11-12 19:16:24,00:00:00:00:00:01,0.5,47.3,0.0,0.5,0.0,0.0,0,5.0,1,1,1,94.6,53.29,0.008745,1
2025-11-12 19:16:34,00:00:00:00:00:03,0.5,21.0,0.5,0.0,0.0,0.0,1.0,0,0,0,0,42.0,0.0,2.091949,1
2025-11-12 19:16:45,00:00:00:00:00:03,1.0,58.0,0.5,0.5,0.0,0.0,1.0,5.0,1,1,1,58.0,18.24,0.935856,1
2025-11-12 19:16:45,00:00:00:00:00:01,0.5,47.3,0.0,0.5,0.0,0.0,0,5.0,1,1,1,94.6,53.29,0.006304,1
2025-11-12 19:16:55,00:00:00:00:00:03,0.5,21.0,0.5,0.0,0.0,0.0,1.0,0,0,0,0,42.0,0.0,2.08203,1
2025-11-12 19:17:05,00:00:00:00:00:03,1.0,58.0,0.5,0.5,0.0,0.0,1.0,5.0,1,1,1,58.0,18.24,0.929782,1
2025-11-12 19:17:05,00:00:00:00:00:01,0.5,47.2,0.0,0.5,0.0,0.0,0,5.0,1,1,1,94.4,52.89,0.005045,1
2025-11-12 19:17:16,00:00:00:00:00:03,0.5,21.0,0.5,0.0,0.0,0.0,1.0,0,0,0,0,42.0,0.0,2.089037,1
2025-11-12 19:17:26,00:00:00:00:00:03,1.0,58.0,0.5,0.5,0.0,0.0,1.0,5.0,1,1,1,58.0,18.24,0.927883,1
2025-11-12 19:17:26,00:00:00:00:00:01,0.5,47.2,0.0,0.5,0.0,0.0,0,5.0,1,1,1,94.4,52.89,0.005652,1
2025-11-12 19:17:37,00:00:00:00:00:03,0.5,21.0,0.5,0.0,0.0,0.0,1.0,0,0,0,0,42.0,0.0,2.10403,1
2025-11-12 19:17:47,00:00:00:00:00:03,0.6,28.0,0.5,0.0,0.0,0.0,1.0,0,0,0,0,46.67,10.43,1.667095,1
2025-11-12 19:17:47,5e:e8:91:f8:bc:72,0.1,7.0,0.0,0.0,0.0,0.0,0,0,0,0,0,70.0,0.0,0,1
2025-11-12 19:17:58,00:00:00:00:00:03,0.5,21.0,0.5,0.0,0.0,0.0,1.0,0,0,0,0,42.0,0.0,2.090742,1
2025-11-12 19:18:08,00:00:00:00:00:03,1.0,58.0,0.5,0.5,0.0,0.0,1.0,5.0,1,1,1,58.0,18.24,0.928009,1
2025-11-12 19:18:08,00:00:00:00:00:01,0.6,53.8,0.0,0.6,0.0,0.0,0,6.0,1,1,1,89.67,49.43,0.004473,1
2025-11-12 19:18:18,00:00:00:00:00:03,0.5,21.0,0.5,0.0,0.0,0.0,1.0,0,0,0,0,42.0,0.0,2.077871,1
2025-11-12 19:18:29,00:00:00:00:00:03,1.0,58.0,0.5,0.5,0.0,0.0,1.0,5.0,1,1,1,58.0,18.24,0.921038,1
2025-11-12 19:18:29,00:00:00:00:00:01,0.5,47.5,0.0,0.5,0.0,0.0,0,5.0,1,1,1,95.0,54.09,0.005793,1
2025-11-12 19:18:39,00:00:00:00:00:03,0.5,21.0,0.5,0.0,0.0,0.0,1.0,0,0,0,0,42.0,0.0,2.097219,1
2025-11-12 19:18:50,00:00:00:00:00:03,1.1,64.6,0.5,0.6,0.0,0.0,1.0,6.0,1,1,1,58.73,17.55,0.833575,1
2025-11-12 19:18:50,00:00:00:00:00:01,0.5,47.2,0.0,0.5,0.0,0.0,0,5.0,1,1,1,94.4,52.89,0.003707,1
2025-11-12 19:19:00,00:00:00:00:00:03,0.5,21.0,0.5,0.0,0.0,0.0,1.0,0,0,0,0,42.0,0.0,2.087085,1
2025-11-12 19:19:11,00:00:00:00:00:03,0.9,51.4,0.5,0.4,0.0,0.0,1.0,4.0,1,1,1,57.11,19.02,1.043672,1
2025-11-12 19:19:11,00:00:00:00:00:01,0.6,53.7,0.0,0.6,0.0,0.0,0,6.0,1,1,1,89.5,49.06,0.004006,1
2025-11-12 19:19:21,00:00:00:00:00:03,0.5,21.0,0.5,0.0,0.0,0.0,1.0,0,0,0,0,42.0,0.0,2.098938,1
2025-11-12 19:19:31,00:00:00:00:00:03,0.5,21.0,0.5,0.0,0.0,0.0,1.0,0,0,0,0,42.0,0.0,2.07582,1
2025-11-12 19:19:42,00:00:00:00:00:03,1.1,64.6,0.5,0.6,0.0,0.0,1.0,6.0,1,1,1,58.73,17.55,0.833129,1
2025-11-12 19:19:42,00:00:00:00:00:01,0.5,47.1,0.0,0.5,0.0,0.0,0,5.0,1,1,1,94.2,52.49,0.003003,1
2025-11-12 19:19:52,00:00:00:00:00:03,1.0,58.0,0.5,0.5,0.0,0.0,1.0,5.0,1,1,1,58.0,18.24,0.928845,1
2025-11-12 19:19:52,00:00:00:00:00:01,0.5,47.2,0.0,0.5,0.0,0.0,0,5.0,1,1,1,94.4,52.89,0.003133,1
2025-11-12 19:20:03,00:00:00:00:00:03,0.5,21.0,0.5,0.0,0.0,0.0,1.0,0,0,0,0,42.0,0.0,2.090011,1
2025-11-12 19:20:13,00:00:00:00:00:03,1.0,58.0,0.5,0.5,0.0,0.0,1.0,5.0,1,1,1,58.0,18.24,0.931095,1
2025-11-12 19:20:13,00:00:00:00:00:01,0.5,47.2,0.0,0.5,0.0,0.0,0,5.0,1,1,1,94.4,52.89,0.003215,1
2025-11-12 19:20:24,00:00:00:00:00:03,0.5,21.0,0.5,0.0,0.0,0.0,1.0,0,0,0,0,42.0,0.0,2.097048,1
2025-11-12 19:20:34,00:00:00:00:00:03,1.0,58.0,0.5,0.5,0.0,0.0,1.0,5.0,1,1,1,58.0,18.24,0.919979,1
2025-11-12 19:20:34,00:00:00:00:00:01,0.6,53.7,0.0,0.6,0.0,0.0,0,6.0,1,1,1,89.5,49.06,0.002469,1
2025-11-12 19:20:44,00:00:00:00:00:03,0.5,21.0,0.5,0.0,0.0,0.0,1.0,0,0,0,0,42.0,0.0,2.074056,1
2025-11-12 19:20:55,00:00:00:00:00:03,0.5,21.0,0.5,0.0,0.0,0.0,1.0,0,0,0,0,42.0,0.0,2.08187,1
2025-11-12 19:21:05,00:00:00:00:00:03,1.0,58.0,0.5,0.5,0.0,0.0,1.0,5.0,1,1,1,58.0,18.24,0.924084,1
2025-11-12 19:21:05,00:00:00:00:00:01,0.5,47.1,0.0,0.5,0.0,0.0,0,5.0,1,1,1,94.2,52.49,0.002548,1
2025-11-12 19:21:16,00:00:00:00:00:03,0.5,21.0,0.5,0.0,0.0,0.0,1.0,0,0,0,0,42.0,0.0,2.086921,1
2025-11-12 19:21:26,00:00:00:00:00:03,1.0,58.0,0.5,0.5,0.0,0.0,1.0,5.0,1,1,1,58.0,18.24,0.926719,1
2025-11-12 19:21:26,00:00:00:00:00:01,0.5,47.1,0.0,0.5,0.0,0.0,0,5.0,1,1,1,94.2,52.49,0.002559,1
2025-11-12 19:21:37,00:00:00:00:00:03,0.9,51.4,0.5,0.4,0.0,0.0,1.0,4.0,1,1,1,57.11,19.02,1.045946,1
2025-11-12 19:21:37,00:00:00:00:00:01,0.6,53.7,0.0,0.6,0.0,0.0,0,6.0,1,1,1,89.5,49.06,0.000566,1
2025-11-12 19:21:47,00:00:00:00:00:03,1.0,58.0,0.5,0.5,0.0,0.0,1.0,5.0,1,1,1,58.0,18.24,0.929747,1
2025-11-12 19:21:47,00:00:00:00:00:01,0.5,47.3,0.0,0.5,0.0,0.0,0,5.0,1,1,1,94.6,53.29,0.003297,1
2025-11-12 19:21:58,00:00:00:00:00:03,0.9,51.4,0.5,0.4,0.0,0.0,1.0,4.0,1,1,1,57.11,19.02,1.04048,1
2025-11-12 19:21:58,00:00:00:00:00:01,0.6,53.7,0.0,0.6,0.0,0.0,0,6.0,1,1,1,89.5,49.06,0.0007,1
2025-11-12 19:22:08,00:00:00:00:00:03,1.3,81.8,0.5,0.8,0.0,0.0,1.0,4.0,1,1,2,62.92,19.48,0.777335,1
2025-11-12 19:22:08,00:00:00:00:00:01,1.2,107.4,0.0,1.2,0.0,0.0,0,6.0,1,1,1,89.5,49.06,0.801349,1
2025-11-12 19:22:18,00:00:00:00:00:03,1.0,58.0,0.5,0.5,0.0,0.0,1.0,5.0,1,1,1,58.0,18.24,0.927506,1
2025-11-12 19:22:18,00:00:00:00:00:01,0.5,47.1,0.0,0.5,0.0,0.0,0,5.0,1,1,1,94.2,52.49,0.000508,1
2025-11-12 19:22:29,00:00:00:00:00:03,1.4,88.4,0.5,0.9,0.0,0.0,1.0,4.5,1,1,2,63.14,18.79,0.640669,1
2025-11-12 19:22:29,00:00:00:00:00:01,1.1,100.9,0.0,1.1,0.0,0.0,0,5.5,1,1,1,91.73,50.89,0.668505,1
2025-11-12 19:22:39,00:00:00:00:00:03,1.0,58.0,0.5,0.5,0.0,0.0,1.0,5.0,1,1,1,58.0,18.24,0.929275,1
2025-11-12 19:22:39,00:00:00:00:00:01,0.5,47.1,0.0,0.5,0.0,0.0,0,5.0,1,1,1,94.2,52.49,0.000458,1
2025-11-12 19:22:50,00:00:00:00:00:03,1.0,58.0,0.5,0.5,0.0,0.0,1.0,5.0,1,1,1,58.0,18.24,0.924452,1
2025-11-12 19:22:50,00:00:00:00:00:01,0.5,47.1,0.0,0.5,0.0,0.0,0,5.0,1,1,1,94.2,52.49,0.002707,1
2025-11-12 19:23:00,00:00:00:00:00:03,1.0,58.0,0.5,0.5,0.0,0.0,1.0,5.0,1,1,1,58.0,18.24,0.921749,1
2025-11-12 19:23:00,00:00:00:00:00:01,0.5,47.1,0.0,0.5,0.0,0.0,0,5.0,1,1,1,94.2,52.49,0.000623,1
2025-11-12 19:23:10,00:00:00:00:00:03,0.5,21.0,0.5,0.0,0.0,0.0,1.0,0,0,0,0,42.0,0.0,2.079977,1
2025-11-12 19:23:21,00:00:00:00:00:03,0.5,21.0,0.5,0.0,0.0,0.0,1.0,0,0,0,0,42.0,0.0,2.090093,1
2025-11-12 19:23:31,00:00:00:00:00:03,0.5,21.0,0.5,0.0,0.0,0.0,1.0,0,0,0,0,42.0,0.0,2.071046,1
2025-11-12 19:23:42,00:00:00:00:00:03,1.0,58.0,0.5,0.5,0.0,0.0,1.0,5.0,1,1,1,58.0,18.24,0.931118,1
2025-11-12 19:23:42,00:00:00:00:00:01,0.5,47.1,0.0,0.5,0.0,0.0,0,5.0,1,1,1,94.2,52.49,0.003612,1
2025-11-12 19:23:52,00:00:00:00:00:03,1.0,55.6,0.6,0.4,0.0,0.0,0.8333,4.0,1,1,1,55.6,18.61,0.924029,1
2025-11-12 19:23:52,00:00:00:00:00:01,0.7,57.9,0.1,0.6,0.0,0.0,1.0,6.0,1,1,1,82.71,48.36,0.144868,1
2025-11-12 19:24:02,00:00:00:00:00:03,1.0,58.0,0.5,0.5,0.0,0.0,1.0,5.0,1,1,1,58.0,18.24,0.92401,1
2025-11-12 19:24:02,00:00:00:00:00:01,0.5,47.1,0.0,0.5,0.0,0.0,0,5.0,1,1,1,94.2,52.49,0.002331,1
2025-11-12 19:24:13,00:00:00:00:00:03,1.0,58.0,0.5,0.5,0.0,0.0,1.0,5.0,1,1,1,58.0,18.24,0.926568,1
2025-11-12 19:24:13,00:00:00:00:00:01,0.5,47.2,0.0,0.5,0.0,0.0,0,5.0,1,1,1,94.4,52.89,0.00334,1
2025-11-12 19:24:23,00:00:00:00:00:03,1.0,58.0,0.5,0.5,0.0,0.0,1.0,5.0,1,1,1,58.0,18.24,0.92359,1
2025-11-12 19:24:23,00:00:00:00:00:01,0.5,47.2,0.0,0.5,0.0,0.0,0,5.0,1,1,1,94.4,52.89,0.000605,1
2025-11-12 19:24:34,00:00:00:00:00:01,0.6,53.7,0.0,0.6,0.0,0.0,0,6.0,1,1,1,89.5,49.06,0.000627,1
2025-11-12 19:24:34,00:00:00:00:00:03,0.9,51.4,0.5,0.4,0.0,0.0,1.0,4.0,1,1,1,57.11,19.02,1.061055,1
2025-11-12 19:24:44,00:00:00:00:00:03,0.5,21.0,0.5,0.0,0.0,0.0,1.0,0,0,0,0,42.0,0.0,2.095905,1
2025-11-12 19:24:54,00:00:00:00:00:03,1.0,58.0,0.5,0.5,0.0,0.0,1.0,5.0,1,1,1,58.0,18.24,0.926252,1
2025-11-12 19:24:54,00:00:00:00:00:01,0.5,47.1,0.0,0.5,0.0,0.0,0,5.0,1,1,1,94.2,52.49,0.001672,1
2025-11-12 19:25:05,00:00:00:00:00:03,1.0,58.0,0.5,0.5,0.0,0.0,1.0,5.0,1,1,1,58.0,18.24,0.921874,1
2025-11-12 19:25:05,00:00:00:00:00:01,0.5,47.1,0.0,0.5,0.0,0.0,0,5.0,1,1,1,94.2,52.49,0.000609,1
2025-11-12 19:25:15,00:00:00:00:00:03,0.5,21.0,0.5,0.0,0.0,0.0,1.0,0,0,0,0,42.0,0.0,2.083979,1
2025-11-12 19:25:26,00:00:00:00:00:03,0.5,21.0,0.5,0.0,0.0,0.0,1.0,0,0,0,0,42.0,0.0,2.082664,1
2025-11-12 19:25:35,00:00:00:00:00:03,0.5,21.0,0.5,0.0,0.0,0.0,1.0,0,0,0,0,42.0,0.0,2.084928,1
2025-11-12 19:25:47,00:00:00:00:00:03,0.5,21.0,0.5,0.0,0.0,0.0,1.0,0,0,0,0,42.0,0.0,2.102013,1
2025-11-12 19:25:51,00:00:00:00:00:03,0.2,8.4,0.2,0.0,0.0,0.0,1.0,0,0,0,0,42.0,0.0,2.072757,1
